tanggal_transaksi,nama_produk,kategori,total_rupiah
2018-09-20,2 Place 5 to Place 0,Transportasi,30.0
2018-09-20,Idli medu Vada mix 2 plates,Makanan/Minuman,60.0
2018-09-17,Data booster pack,Elektronik,19.0
2018-09-16,Ganesh idol,Lain-lain,251.0
2018-09-15,Permanent Residence - Tata Play recharge,Elektronik,200.0
2018-09-14,Place 2 station to Permanent Residence,Transportasi,50.0
2018-09-13,2 Place 0 to Place 3,Transportasi,40.0
2018-09-13,1kg atta,Makanan/Minuman,46.0
2018-08-31,Domino's Pizza,Makanan/Minuman,510.85
2018-08-31,Half lit  milk,Makanan/Minuman,36.0
2018-08-30,Warna Srikhand pav kg,Makanan/Minuman,78.0
2018-08-30,Supermart,Makanan/Minuman,343.0
2018-08-29,Baking soda,Makanan/Minuman,27.0
2018-08-29,chocobar,Makanan/Minuman,15.0
2018-08-29,Half lit  milk,Makanan/Minuman,36.0
2018-08-27,Dahi 2 packets,Makanan/Minuman,20.0
2018-08-27,2 plates poha,Makanan/Minuman,60.0
2018-08-27,Khari packet,Makanan/Minuman,45.0
2018-08-27,Half lit  milk,Makanan/Minuman,36.0
2018-08-25,13 clothes ironing,Elektronik,91.0
2018-08-24,Home Food Delivery,Makanan/Minuman,1120.0
2018-08-24,Half lit  milk,Makanan/Minuman,36.0
2018-08-24,Ganpati+ navratri vargani,Lain-lain,1000.0
2018-08-23,2 Place 2 to Place 3 : Sevagram express 3AC,Transportasi,1305.4
2018-08-23,2 Place 3 to Place 2 : Amritsar express 3AC,Transportasi,1205.4
2018-08-23,Catering Service,Makanan/Minuman,60.0
2018-08-22,Half lit  milk,Makanan/Minuman,37.0
2018-08-21,cutting chai,Makanan/Minuman,12.0
2018-08-21,Half lit  milk,Makanan/Minuman,36.0
2018-08-17,Dahi 2 packets,Makanan/Minuman,20.0
2018-08-17,Half lit  milk,Makanan/Minuman,36.0
2018-08-16,Permanent Residence - Tata Play recharge,Elektronik,157.0
2018-08-15,Warna Srikhand half kg,Makanan/Minuman,290.0
2018-08-15,M D sure 4kg atta,Makanan/Minuman,216.0
2018-08-14,Dahi,Makanan/Minuman,32.0
2018-08-14,Toothpaste Patanjali,Belanja (Kebutuhan Harian),160.0
2018-08-14,8 clothes ironing,Elektronik,56.0
2018-08-14,Vanila family pack,Makanan/Minuman,115.0
2018-08-13,5 litres can Distilled water,Belanja (Kebutuhan Harian),100.0
2018-08-13,Brass Puja plate and diva,Lain-lain,220.0
2018-08-13,Half kg Lahsoon,Belanja (Kebutuhan Harian),45.0
2018-08-13,Supermart,Makanan/Minuman,594.0
2018-08-13,Vanila cup,Makanan/Minuman,10.0
2018-08-13,chocobar,Makanan/Minuman,20.0
2018-07-31,13 clothes ironing,Elektronik,91.0
2018-07-31,10 melody,Makanan/Minuman,10.0
2018-07-30,Glucose D(50) + flora bc (40)+cyra 20(10),Kesehatan,100.0
2018-07-30,Catering Service,Makanan/Minuman,212.0
2018-07-30,1 plates poha,Makanan/Minuman,25.0
2018-07-29,Paneer pizza,Makanan/Minuman,260.0
2018-07-29,Decathlon Place A to Place A station,Transportasi,50.0
2018-07-29,Current Residence to Place 0,Belanja (Kebutuhan Harian),15.0
2018-07-29,2 Place 0 to Place A returns,Transportasi,40.0
2018-07-29,Medu vada 3 plate,Makanan/Minuman,105.0
2018-07-28,2 INOX,Hiburan,481.36
2018-07-28,Supermart,Makanan/Minuman,3750.0
2018-07-26,Toast packet,Makanan/Minuman,40.0
2018-07-23,Current Residence - Tata Play recharge,Elektronik,154.0
2018-07-23,4 plates poha,Makanan/Minuman,100.0
2018-07-21,Supermart,Makanan/Minuman,368.0
2018-07-21,Khajur pav kg,Makanan/Minuman,30.0
2018-07-21,2 Bhajipav + 2 vadapav,Makanan/Minuman,60.0
2018-07-21,Toast packet,Makanan/Minuman,45.0
2018-07-20,chocobar,Makanan/Minuman,20.0
2018-07-20,potato 1kg,Belanja (Kebutuhan Harian),25.0
2018-07-20,onion 1 kg,Belanja (Kebutuhan Harian),25.0
2018-07-20,Ola cab - eye institute to Current Residence CHS,Belanja (Kebutuhan Harian),155.0
2018-07-20,Cataract Medicine,Belanja (Kebutuhan Harian),87.0
2018-07-20,Cataract Medicine,Belanja (Kebutuhan Harian),1048.0
2018-07-19,Dahi 4 packets,Makanan/Minuman,40.0
2018-07-18,M D sure 4kg atta,Makanan/Minuman,216.0
2018-07-16,12 clothes ironing,Elektronik,84.0
2018-07-16,Sony WI-C100 earphones wireless,Elektronik,1190.0
2018-07-16,7 kachori,Makanan/Minuman,84.0
2018-07-15,4 kachori,Makanan/Minuman,48.0
2018-07-13,Ola cab - eye institute to Current Residence CHS,Belanja (Kebutuhan Harian),188.0
2018-07-13,Cataract Medicine,Belanja (Kebutuhan Harian),1358.0
2018-06-30,Aqugurad PRV,Elektronik,1200.0
2018-06-29,Tulsi plant+ pot,Belanja (Kebutuhan Harian),70.0
2018-06-29,Math tap repair,Belanja (Kebutuhan Harian),50.0
2018-06-29,3 bulbs 3 pencil cells,Belanja (Kebutuhan Harian),270.0
2018-06-28,Home Food Delivery,Makanan/Minuman,455.0
2018-06-28,Bhaji + vadapav + kachori+ tea,Makanan/Minuman,70.0
2018-06-28,Vadala road to Nehru Planetarium,Makanan/Minuman,228.0
2018-06-28,Mast & Harbour Slides,Belanja (Kebutuhan Harian),64.82
2018-06-27,Planetarium,Hiburan,308.85
2018-06-27,2 cups,Makanan/Minuman,14.0
2018-06-27,Mobile cover real mi note pro,Elektronik,100.0
2018-06-27,Mouse pad,Elektronik,100.0
2018-06-27,Purse,Makanan/Minuman,450.0
2018-06-27,Rainy season chappal,Belanja (Kebutuhan Harian),550.0
2018-06-27,Place P station to Alfa market,Makanan/Minuman,25.0
2018-06-27,2 Place 0 to Place P return,Transportasi,80.0
2018-06-27,2 Current Residence to Place 0,Belanja (Kebutuhan Harian),30.0
2018-06-26,2 Place 0 to Current Residence,Belanja (Kebutuhan Harian),30.0
2018-06-26,Supermart,Makanan/Minuman,1990.0
2018-06-26,Aqugurad water purifier,Elektronik,13050.0
2018-06-26,Umbrella handle repair,Belanja (Kebutuhan Harian),70.0
2018-06-26,Place 0 to Place 4 return,Transportasi,20.0
2018-06-26,2 cutting chai,Makanan/Minuman,20.0
2018-06-26,Bhaji + vadapav,Makanan/Minuman,30.0
2018-06-25,Home Food Delivery,Makanan/Minuman,320.0
2018-06-25,Smart point,Belanja (Kebutuhan Harian),2074.0
2018-06-24,2 Place 0 to Current Residence,Belanja (Kebutuhan Harian),40.0
2018-06-24,Bread,Makanan/Minuman,18.0
2018-06-24,milk 1lit,Makanan/Minuman,72.0
2018-06-24,Suppliemnts,Kesehatan,211.75
2018-06-24,2 Place 5 to Place 0,Transportasi,30.0
2018-06-24,Permanent Residence - Tata Play recharge,Elektronik,157.0
2018-06-24,2 Vadapav 2 samosa pav,Makanan/Minuman,60.0
2018-06-23,Annual recharge,Elektronik,2545.0
2018-06-22,Data booster pack,Elektronik,181.0
2018-06-19,Data booster pack,Elektronik,25.0
2018-06-18,Data booster pack,Elektronik,15.0
2018-06-15,Data booster pack,Elektronik,15.0
2018-06-15,2CC Place 2 to DDR Spl Train,Belanja (Kebutuhan Harian),1213.6
2018-05-28,Data booster pack,Elektronik,25.0
2018-05-28,hair cut,Belanja (Kebutuhan Harian),100.0
2018-05-27,Soap + dahya pav kg,Belanja (Kebutuhan Harian),75.0
2018-05-26,Permanent Residence to Motor Driving school,Transportasi,50.0
2018-05-24,Data booster pack,Elektronik,667.0
2018-05-23,Permanent Residence - Tata Play recharge,Elektronik,166.0
2018-05-22,2 All out refill,Belanja (Kebutuhan Harian),154.0
2018-05-20,"Soap, shampoo, razor",Belanja (Kebutuhan Harian),122.0
2018-05-19,flour mill,Makanan/Minuman,25.0
2018-05-19,Data booster pack,Elektronik,15.0
2018-05-18,Data booster pack,Elektronik,301.0
2018-05-15,Cookies & cream family pack,Belanja (Kebutuhan Harian),135.0
2018-05-15,within city,Transportasi,30.0
2018-05-15,LG Washing Machine,Elektronik,21500.0
2018-05-15,Permanent Residence to GH road,Transportasi,50.0
2018-05-14,Data booster pack,Elektronik,301.0
2018-05-14,Place 2 station to Permanent Residence,Transportasi,50.0
2018-05-14,Potato chips,Belanja (Kebutuhan Harian),15.0
2018-05-14,2 dozens mango + 1kg litchi,Makanan/Minuman,1250.0
2018-05-14,2 Place 0 to Place 3,Transportasi,40.0
2018-05-14,2 Current Residence to Place 0,Belanja (Kebutuhan Harian),40.0
2018-05-13,clothes ironing,Elektronik,77.0
2018-05-13,Gel pen Refills,Belanja (Kebutuhan Harian),12.0
2018-04-30,6 kachori,Makanan/Minuman,72.0
2018-04-30,Supermart,Makanan/Minuman,165.0
2018-04-30,Current Residence - Tata Play recharge,Elektronik,176.0
2018-04-30,Toast packet,Makanan/Minuman,45.0
2018-04-30,milk 1lit,Makanan/Minuman,72.0
2018-04-29,2 sugarcane juice,Makanan/Minuman,40.0
2018-04-28,Home Food Delivery,Makanan/Minuman,413.0
2018-04-27,Supermart,Makanan/Minuman,295.0
2018-04-26,Noodles packet,Makanan/Minuman,30.0
2018-04-26,milk 1lit,Makanan/Minuman,72.0
2018-04-25,Catering Service,Makanan/Minuman,70.0
2018-04-24,Permanent Residence - Tata Play recharge,Elektronik,157.0
2018-04-23,Idli pith 1kg,Makanan/Minuman,38.0
2018-04-22,Supermart,Makanan/Minuman,190.0
2018-04-22,milk 1lit,Makanan/Minuman,72.0
2018-04-21,Naturals,Makanan/Minuman,160.0
2018-04-21,Dahi 2 packets,Makanan/Minuman,20.0
2018-04-20,Sugaran Kitchen,Makanan/Minuman,70.0
2018-04-19,flour mill,Makanan/Minuman,14.0
2018-04-19,6 eggs,Makanan/Minuman,36.0
2018-04-19,milk 1lit,Makanan/Minuman,72.0
2018-04-17,milk 1lit,Makanan/Minuman,72.0
2018-04-16,3 Pens,Belanja (Kebutuhan Harian),21.0
2018-04-16,clothes ironing,Elektronik,63.0
2018-04-16,Cockroach injection,Belanja (Kebutuhan Harian),270.0
2018-04-16,Supermart,Makanan/Minuman,265.0
2018-04-16,Smart point,Belanja (Kebutuhan Harian),450.0
2018-04-15,pav Bhaji,Makanan/Minuman,70.0
2018-04-15,2 cutting chai,Makanan/Minuman,20.0
2018-04-15,"Vessels for sugar, coffee and tea",Makanan/Minuman,799.0
2018-04-15,Body mist,Belanja (Kebutuhan Harian),525.0
2018-04-15,Station Parking,Makanan/Minuman,10.0
2018-04-15,Place 0 to Place 4 return,Transportasi,20.0
2018-04-15,Catering Service,Makanan/Minuman,70.0
2018-04-14,Supermart,Makanan/Minuman,107.0
2018-04-14,Pizza base packet 2,Makanan/Minuman,40.0
2018-04-14,Khari packet,Makanan/Minuman,45.0
2018-04-14,milk 1lit,Makanan/Minuman,72.0
2018-04-13,Family Thyroid Test + CBC,Kesehatan,700.0
2018-03-31,2 chocobar,Makanan/Minuman,45.0
2018-03-31,Home Food Delivery,Makanan/Minuman,244.0
2018-03-31,Domino's Pizza,Makanan/Minuman,419.0
2018-03-31,Station Parking,Makanan/Minuman,10.0
2018-03-31,Place 0 to Sion returns,Transportasi,30.0
2018-03-30,1 Panipuri,Makanan/Minuman,25.0
2018-03-30,Ginger + green chilli,Makanan/Minuman,20.0
2018-03-30,milk 1lit,Makanan/Minuman,72.0
2018-03-29,At restaurant,Makanan/Minuman,1234.0
2018-03-27,Bread,Makanan/Minuman,35.0
2018-03-26,milk 1lit,Makanan/Minuman,72.0
2018-03-26,Permanent Residence - Tata Play recharge,Elektronik,157.0
2018-03-25,Station Parking,Makanan/Minuman,10.0
2018-03-25,Popcorn family pack,Makanan/Minuman,25.0
2018-03-25,2 tea,Makanan/Minuman,20.0
2018-03-25,2 Frankie,Makanan/Minuman,160.0
2018-03-25,French crossiant,Makanan/Minuman,80.0
2018-03-25,IKEA tea 3,Makanan/Minuman,240.0
2018-03-23,Finding next Job,Lain-lain,100.0
2018-03-22,1 kg Bajari,Belanja (Kebutuhan Harian),7.0
2018-03-22,Half kg tomato,Belanja (Kebutuhan Harian),15.0
2018-03-22,Supermart,Makanan/Minuman,153.0
2018-03-22,Pickle,Makanan/Minuman,150.0
2018-03-22,Potato chips,Belanja (Kebutuhan Harian),150.0
2018-03-22,1 packet,Makanan/Minuman,20.0
2018-03-22,milk 1lit,Makanan/Minuman,72.0
2018-03-21,2 kachori,Makanan/Minuman,24.0
2018-03-21,Idli pith 1kg,Makanan/Minuman,38.0
2018-03-20,2 Fried rice,Makanan/Minuman,246.0
2018-03-20,Chicken lollypop 8 pcs,Makanan/Minuman,215.75
2018-03-20,Bread,Makanan/Minuman,18.0
2018-03-20,6 eggs,Makanan/Minuman,36.0
2018-03-20,Half lit  milk,Makanan/Minuman,36.0
2018-03-18,Station Parking,Makanan/Minuman,10.0
2018-03-18,Dabeli,Makanan/Minuman,15.0
2018-03-18,Trouser,Belanja (Kebutuhan Harian),799.0
2018-03-18,Belt + bow,Belanja (Kebutuhan Harian),498.0
2018-03-18,Papad packet,Makanan/Minuman,50.0
2018-03-18,1 Panipuri,Makanan/Minuman,30.0
2018-03-18,cutting chai,Makanan/Minuman,10.0
2018-03-18,Place 0 to Place 4 return,Transportasi,20.0
2018-03-17,Catering Service,Makanan/Minuman,30.0
2018-03-17,Half lit  milk,Makanan/Minuman,37.0
2018-03-15,Catering Service,Makanan/Minuman,60.0
2018-03-15,Half lit  milk,Makanan/Minuman,36.0
2018-03-14,Mayonnaise + cheese cubes,Makanan/Minuman,140.0
2018-03-14,onion 2 kg,Belanja (Kebutuhan Harian),40.0
2018-03-14,Domino's Pizza,Makanan/Minuman,578.0
2018-03-13,Half lit  milk,Makanan/Minuman,36.0
2018-02-28,Khari packet,Makanan/Minuman,45.0
2018-02-28,Half lit Varna milk,Makanan/Minuman,36.0
2018-02-28,onion 1 kg,Belanja (Kebutuhan Harian),30.0
2018-02-28,potato 1kg,Belanja (Kebutuhan Harian),18.0
2018-02-27,Idli pith 1kg,Makanan/Minuman,38.0
2018-02-27,5 chapati,Makanan/Minuman,30.0
2018-02-26,1 lit,Makanan/Minuman,73.0
2018-02-26,Mirror repair,Belanja (Kebutuhan Harian),140.0
2018-02-26,First servicing,Makanan/Minuman,443.0
2018-02-26,chaas,Makanan/Minuman,17.0
2018-02-24,Flatbread 12 pcs,Makanan/Minuman,40.0
2018-02-23,Refresh Tears Drop,Makanan/Minuman,128.0
2018-02-23,1 packet,Makanan/Minuman,20.0
2018-02-23,1 lit,Makanan/Minuman,72.0
2018-02-22,Permanent Residence - Tata Play recharge,Elektronik,157.0
2018-02-22,Limca,Makanan/Minuman,20.0
2018-02-22,onion 1 kg,Belanja (Kebutuhan Harian),20.0
2018-02-22,Catering Service,Makanan/Minuman,192.0
2018-02-20,Kitchen fan + installation+ repair,Belanja (Kebutuhan Harian),2600.0
2018-02-19,hair cut+shaving,Belanja (Kebutuhan Harian),170.0
2018-02-19,1 lit,Makanan/Minuman,72.0
2018-02-19,2 kachori,Makanan/Minuman,24.0
2018-02-17,BBQ,Makanan/Minuman,1783.0
2018-02-17,Mall parking,Makanan/Minuman,20.0
2018-02-17,5 chapati,Makanan/Minuman,30.0
2018-02-16,banana chips,Makanan/Minuman,45.0
2018-02-16,Khari packet,Makanan/Minuman,45.0
2018-02-16,1 lit,Makanan/Minuman,72.0
2018-02-15,chocobar,Makanan/Minuman,35.0
2018-02-15,Half kg tomato + methi 1 judi,Belanja (Kebutuhan Harian),30.0
2018-02-15,Supermart,Makanan/Minuman,117.0
2018-02-14,1 chicken shawarma,Makanan/Minuman,60.0
2018-02-13,potato 1kg,Belanja (Kebutuhan Harian),25.0
2018-02-13,Bread,Makanan/Minuman,35.0
2018-02-13,Amul cheese,Makanan/Minuman,72.0
2018-02-13,1 lit,Makanan/Minuman,72.0
2018-01-31,At restaurant,Makanan/Minuman,320.0
2018-01-31,Parking sticker,Transportasi,50.0
2018-01-31,1 lit,Makanan/Minuman,69.0
2018-01-30,Matchbox packet 10pcs,Makanan/Minuman,10.0
2018-01-30,Dahi 2 packets,Makanan/Minuman,20.0
2018-01-29,Khari packet,Makanan/Minuman,45.0
2018-01-29,6 eggs,Makanan/Minuman,42.0
2018-01-29,1 lit,Makanan/Minuman,69.0
2018-01-28,2 kachori,Makanan/Minuman,24.0
2018-01-28,Smart point,Belanja (Kebutuhan Harian),976.9
2018-01-28,Supermart,Makanan/Minuman,764.0
2018-01-27,Two Wheeler Bikedelux third installment,Keuangan/Tagihan,43000.0
2018-01-26,Place 0 to Current Residence,Belanja (Kebutuhan Harian),15.0
2018-01-26,Place 0 to Place 4 return,Transportasi,20.0
2018-01-26,Pyjama (999)+ carry bag (10),Belanja (Kebutuhan Harian),1009.0
2018-01-26,1 packet,Makanan/Minuman,20.0
2018-01-26,1 lit,Makanan/Minuman,69.0
2018-01-26,potato 1kg,Belanja (Kebutuhan Harian),25.0
2018-01-26,Idli pith 1kg,Makanan/Minuman,38.0
2018-01-25,Catering Service,Makanan/Minuman,70.0
2018-01-24,Half lit  milk,Makanan/Minuman,35.0
2018-01-23,Smart point,Belanja (Kebutuhan Harian),273.0
2018-01-22,2 kg Bajari,Belanja (Kebutuhan Harian),14.0
2018-01-22,M D sure 3kg atta,Makanan/Minuman,162.0
2018-01-22,Cough-sills 4 pcs + sinarest 3 pcs,Kesehatan,30.0
2018-01-22,1 lit,Makanan/Minuman,69.0
2018-01-21,Home Food Delivery,Makanan/Minuman,384.0
2018-01-20,crack-jack 1 packi,Makanan/Minuman,10.0
2018-01-20,Permanent Residence - Tata Play recharge,Elektronik,179.0
2018-01-19,Flatbread 6 pcs,Makanan/Minuman,17.0
2018-01-19,Amul butter,Makanan/Minuman,53.0
2018-01-19,Flatbread 6 pcs,Makanan/Minuman,20.0
2018-01-19,Cakes,Makanan/Minuman,46.0
2018-01-18,Two Wheeler Bikedelux second installment,Keuangan/Tagihan,50000.0
2018-01-18,Fresh veggie pizza,Makanan/Minuman,219.0
2018-01-18,6 eggs,Makanan/Minuman,42.0
2018-01-18,1 lit,Makanan/Minuman,69.0
2018-01-16,Bhagar 1kg 130 + idli pith 1kg 35,Makanan/Minuman,165.0
2018-01-16,1 lit,Makanan/Minuman,69.0
2018-01-16,Marathon,Lain-lain,298.0
2018-01-15,Chitale Srikhand,Makanan/Minuman,284.0
2018-01-15,onion 1 kg + half kg potato,Belanja (Kebutuhan Harian),38.0
2018-01-15,Place 0 to Place 3 returns,Transportasi,40.0
2018-01-15,Uber auto: Place 4 Station to Current Residence society,Belanja (Kebutuhan Harian),266.0
2018-01-14,Place 0 to Santacruz return,Transportasi,40.0
2018-01-14,Vibrating electronic message tool,Elektronik,798.0
2018-01-14,station to Decathlon,Transportasi,20.0
2018-01-14,Decathlon to station,Transportasi,25.0
2018-01-14,Head band,Belanja (Kebutuhan Harian),199.0
2018-01-14,Pali hill to Bandra station,Transportasi,23.0
2018-01-14,mumbai University Kalina to Santacruz station,Transportasi,40.0
2018-01-14,Current Residence to Place 0,Belanja (Kebutuhan Harian),15.0
2018-01-13,Thyroid Tablets,Elektronik,740.0
2018-01-13,clothes ironing,Elektronik,80.0
2017-12-31,Flatbread 24 pcs,Makanan/Minuman,30.0
2017-12-30,Dudhi 20 + mirchi 5,Makanan/Minuman,25.0
2017-12-29,For utensils,Belanja (Kebutuhan Harian),450.0
2017-12-29,3 pavwada,Makanan/Minuman,30.0
2017-12-29,Data booster pack,Elektronik,181.0
2017-12-28,Ginger,Makanan/Minuman,10.0
2017-12-27,Tata salt 28+ 6 eggs 42,Makanan/Minuman,70.0
2017-12-26,"ET Prime (1+1) till 24 Dec,2024",Hiburan,1749.0
2017-12-25,Permanent Residence - Tata Play recharge,Elektronik,156.0
2017-12-25,Data booster pack,Elektronik,181.0
2017-12-25,Place 2 station to Permanent Residence,Transportasi,80.0
2017-12-24,2 Current Residence to Place 0,Belanja (Kebutuhan Harian),30.0
2017-12-24,Gupta bhel,Makanan/Minuman,25.0
2017-12-24,Toothbrush (buy 2 get 1),Belanja (Kebutuhan Harian),100.0
2017-12-24,Half lit  milk,Makanan/Minuman,35.0
2017-12-22,Home Food Delivery,Makanan/Minuman,380.0
2017-12-21,Vadapav,Makanan/Minuman,15.0
2017-12-21,Surti kolam 2kg (54rsx2)+Monaco biscuits,Makanan/Minuman,118.0
2017-12-21,Catering Service,Makanan/Minuman,65.0
2017-12-21,milk 1lit,Makanan/Minuman,70.0
2017-12-20,Catering Service,Makanan/Minuman,95.0
2017-12-20,Renewal,Keuangan/Tagihan,28400.0
2017-12-19,Chicken Frankie,Makanan/Minuman,45.0
2017-12-19,Place 0 to WS return,Transportasi,10.0
2017-12-19,milk 1lit,Makanan/Minuman,69.0
2017-12-18,undergarment single,Belanja (Kebutuhan Harian),312.0
2017-12-17,At restaurant,Makanan/Minuman,505.0
2017-12-17,within city,Transportasi,30.0
2017-12-17,Dmart,Belanja (Kebutuhan Harian),878.0
2017-12-17,2 cutting chai,Makanan/Minuman,20.0
2017-12-17,college to inorbit,Transportasi,25.0
2017-12-17,Place 0 to Place 4 return,Transportasi,20.0
2017-12-17,Current Residence to Place 0,Belanja (Kebutuhan Harian),15.0
2017-12-16,milk 1lit,Makanan/Minuman,69.0
2017-12-15,chocobar,Makanan/Minuman,15.0
2017-12-14,Paneer + 1 kg onion,Belanja (Kebutuhan Harian),145.0
2017-12-13,clothes ironing,Elektronik,98.0
2017-12-13,milk 1lit,Makanan/Minuman,69.0
2017-11-30,5 Meftal spas,Kesehatan,22.0
2017-11-30,Glasses remaining,Belanja (Kebutuhan Harian),800.0
2017-11-30,Family's Glasses,Belanja (Kebutuhan Harian),22700.0
2017-11-30,Change,Lain-lain,50.0
2017-11-28,Sweet bread cake pav kg,Makanan/Minuman,90.0
2017-11-28,6 eggs,Makanan/Minuman,42.0
2017-11-28,Toast+ biscuits,Makanan/Minuman,115.0
2017-11-28,1 lit,Makanan/Minuman,69.0
2017-11-27,Glasses advance,Belanja (Kebutuhan Harian),1000.0
2017-11-27,2 Place 0 to Current Residence,Belanja (Kebutuhan Harian),30.0
2017-11-27,Place 6 station to  mall,Transportasi,30.0
2017-11-27,1 Place 0 to Place 6,Transportasi,5.0
2017-11-27,Sandals Hush puppies,Belanja (Kebutuhan Harian),2699.0
2017-11-26,eye institute to Place 6 station,Transportasi,40.0
2017-11-26,eye drop,Kesehatan,159.0
2017-11-26,Place 6 station to eye institute,Transportasi,40.0
2017-11-26,"Routine checkup - eye institute, Place 6",Transportasi,400.0
2017-11-26,1 Place 0 to Place 6 return,Transportasi,10.0
2017-11-25,Permanent Residence - Tata Play recharge,Elektronik,156.0
2017-11-25,1 lit,Makanan/Minuman,69.0
2017-11-25,clothes ironing : Rs 6 per item,Elektronik,90.0
2017-11-25,Half kg tomato,Belanja (Kebutuhan Harian),10.0
2017-11-24,2 PVR Place 6,Transportasi,314.0
2017-11-23,Flatbread 8 pcs,Makanan/Minuman,23.0
2017-11-23,Dahi + remaining balance,Makanan/Minuman,17.0
2017-11-23,3 kg Bajari,Belanja (Kebutuhan Harian),21.0
2017-11-23,1 lit,Makanan/Minuman,69.0
2017-11-20,milk 1lit,Makanan/Minuman,70.0
2017-11-19,1 Panipuri,Makanan/Minuman,20.0
2017-11-19,2 Place 0 to Current Residence,Belanja (Kebutuhan Harian),30.0
2017-11-19,2 Place 0 to Place 6 return,Transportasi,20.0
2017-11-19,2 Current Residence to Place 0,Belanja (Kebutuhan Harian),30.0
2017-11-19,2 PVR Place 6,Transportasi,436.0
2017-11-18,Khobra + shengdana+ vim bar,Lain-lain,242.0
2017-11-18,6 eggs,Makanan/Minuman,39.0
2017-11-18,1.5 lit milk,Makanan/Minuman,104.0
2017-11-17,Vanila family pack,Makanan/Minuman,105.0
2017-11-17,Agarbatti 55 + dahi 25,Makanan/Minuman,80.0
2017-11-17,4 kg Gehu,Belanja (Kebutuhan Harian),28.0
2017-11-16,1 lit,Makanan/Minuman,70.0
2017-11-15,Home Food Delivery,Makanan/Minuman,524.0
2017-11-15,Toast 55 + Kisan Jam 85 + all out 75,Makanan/Minuman,209.0
2017-11-15,Photo paper print,Lain-lain,45.0
2017-11-15,brown bread,Makanan/Minuman,25.0
2017-11-15,Amul butter 52 + Good Day biscuits 43,Makanan/Minuman,95.0
2017-11-14,vegetables,Makanan/Minuman,160.0
2017-11-13,Pani Puri packet + Bundi + chivda,Makanan/Minuman,180.0
2017-11-13,milk 1lit varna,Makanan/Minuman,70.0
2017-11-13,onion 1 kg + half kg potato,Belanja (Kebutuhan Harian),50.0
2017-11-13,Maggie + lizol,Makanan/Minuman,268.0
2017-11-13,Shev bhaji sev pav kg,Makanan/Minuman,60.0
2017-10-29,Mobile Service Provider freedom pack,Elektronik,296.0
2017-10-29,Mobile Service Provider freedom pack,Elektronik,296.0
2017-10-29,subscription 1yr,Hiburan,795.49
2017-10-27,Permanent Residence to bus stand,Belanja (Kebutuhan Harian),40.0
2017-10-26,within city,Transportasi,50.0
2017-10-26,Offering,Lain-lain,50.0
2017-10-26,Offering,Lain-lain,10.0
2017-10-26,Offering,Lain-lain,500.0
2017-10-24,Mobile Service Provider freedom pack,Elektronik,296.0
2017-10-24,Dahi,Makanan/Minuman,10.0
2017-10-23,Shampoo sachets,Belanja (Kebutuhan Harian),9.0
2017-10-23,Slippers,Belanja (Kebutuhan Harian),220.0
2017-10-23,Aakash kandil,Lain-lain,200.0
2017-10-23,Dettol liquid handwash refill,Belanja (Kebutuhan Harian),99.0
2017-10-23,flour mill,Makanan/Minuman,27.0
2017-10-23,Permanent Residence - Tata Play recharge,Elektronik,191.0
2017-10-22,Current Residence to Place 1 bus stop highway,Belanja (Kebutuhan Harian),50.0
2017-10-21,Onion half kg 13 + milkybar 10 + Colgate maxfresh 10,Makanan/Minuman,33.0
2017-10-20,Rangoli + stamp,Lain-lain,20.0
2017-10-19,Gupta bhel,Makanan/Minuman,25.0
2017-10-18,2 Place 2 to Place 3 : Sevagram express 3AC,Transportasi,1333.0
2017-10-18,2 Place 3 to Place 2 : Amritsar express 3AC,Transportasi,1231.0
2017-09-30,Candid dusting powder,Kesehatan,59.0
2017-09-30,Supermart,Makanan/Minuman,155.0
2017-09-30,vegetables,Makanan/Minuman,135.0
2017-09-30,vegetables,Makanan/Minuman,30.0
2017-09-30,Cooktop installation+ base,Belanja (Kebutuhan Harian),600.0
2017-09-29,clothes ironing : Rs 6 per item,Elektronik,60.0
2017-09-29,Gupta bhel,Makanan/Minuman,25.0
2017-09-29,Vanila cup,Makanan/Minuman,10.0
2017-09-29,3 tablet Nor tz,Elektronik,21.0
2017-09-28,Current Residence - Tata Play recharge,Elektronik,215.0
2017-09-28,2 Place 1 to Place 2 - Novelty tour and travels,Hiburan,2388.0
2017-09-25,half kg chiku,Belanja (Kebutuhan Harian),30.0
2017-09-25,Apple 2 kg (110) + Banana 1kg (80),Makanan/Minuman,300.0
2017-09-24,2 Place 0 to Current Residence,Belanja (Kebutuhan Harian),30.0
2017-09-24,Place 0 to WS return,Transportasi,10.0
2017-09-24,2,Lain-lain,560.0
2017-09-24,Half kg pedhe,Belanja (Kebutuhan Harian),280.0
2017-09-24,hair cut,Belanja (Kebutuhan Harian),100.0
2017-09-23,Chicken masala gravy,Makanan/Minuman,100.0
2017-09-21,Place 0 to Current Residence,Belanja (Kebutuhan Harian),15.0
2017-09-21,Vadapav,Makanan/Minuman,15.0
2017-09-21,Place 0 to dadar return,Transportasi,30.0
2017-09-20,Surgical gloves pair,Kesehatan,20.0
2017-09-18,half kg chiku,Belanja (Kebutuhan Harian),60.0
2017-09-18,Nariyal,Makanan/Minuman,55.0
2017-09-17,Supermart,Makanan/Minuman,558.0
2017-09-17,1.5 lit milk,Makanan/Minuman,99.0
2017-09-15,Sugaran Kitchen,Makanan/Minuman,60.0
2017-09-15,Nariyal,Makanan/Minuman,55.0
2017-09-15,Doctor Fees,Kesehatan,150.0
2017-09-15,2 Place 2 to Place 1 - Novelty tour and travels,Hiburan,1400.0
2017-09-15,2 tea parcel,Makanan/Minuman,24.0
2017-09-15,2 plates poha,Makanan/Minuman,50.0
2017-09-15,milk 1lit,Makanan/Minuman,66.0
2017-09-14,Current Residence - Tata Play recharge,Elektronik,100.0
2017-09-13,Sugaran Kitchen,Makanan/Minuman,110.0
2017-08-31,Odonil,Belanja (Kebutuhan Harian),60.0
2017-08-31,Honey small bottle,Makanan/Minuman,10.0
2017-08-31,Janeyu,Lain-lain,5.0
2017-08-31,Nariyal,Makanan/Minuman,25.0
2017-08-31,1.5 lit milk,Makanan/Minuman,99.0
2017-08-30,5 Meftal spas,Kesehatan,22.0
2017-08-29,Ola cab - Domestic airport T1 to Current Residence,Belanja (Kebutuhan Harian),640.0
2017-08-28,Misc expense,Belanja (Kebutuhan Harian),200.0
2017-08-28,2 chips packets,Makanan/Minuman,20.0
2017-08-27,Misc expense,Belanja (Kebutuhan Harian),100.0
2017-08-27,Vicks inhaler,Kesehatan,59.0
2017-08-27,market to resort,Makanan/Minuman,200.0
2017-08-26,Parle G chota pack,Makanan/Minuman,5.0
2017-08-25,strepsils 13 pills,Kesehatan,39.0
2017-08-24,Auto : Mahal to hotel,Hiburan,40.0
2017-08-24,roof top lounge  (200 french fries + 100 masala tea)+15 GST + 10 Tip,Makanan/Minuman,325.0
2017-08-24,2 Bedsheets (1500 each),Belanja (Kebutuhan Harian),3000.0
2017-08-24,Jaipuri handprinted Maharani Saree (1850 Two pcs + 1500 1 pc),Makanan/Minuman,5200.0
2017-08-23,180 Chicken Sandwich + 120 vada pav & Samosa,Makanan/Minuman,300.0
2017-08-23,Ola cab - Current Residence to Domestic airport T1,Belanja (Kebutuhan Harian),850.0
2017-08-22,Mahanagar Gas connection installation,Belanja (Kebutuhan Harian),300.0
2017-08-21,Selfie stick Bluetooth tripod,Hiburan,280.0
2017-08-21,Shaving,Belanja (Kebutuhan Harian),50.0
2017-08-21,1.5 kg onions,Belanja (Kebutuhan Harian),33.0
2017-08-21,Lens cleaner,Belanja (Kebutuhan Harian),80.0
2017-08-21,15 fevistick + 12 xerox2 & print2,Lain-lain,27.0
2017-08-20,Baskin Robbins,Makanan/Minuman,166.0
2017-08-20,280 chicken dum biryani+ 200 paneer tikka laziz + GST,Makanan/Minuman,504.0
2017-08-20,BKC to kurla station,Transportasi,60.0
2017-08-20,Ola cab - siddhivinayak to BKC,Transportasi,361.0
2017-08-20,Dadar West to siddhivinayak,Transportasi,25.0
2017-08-20,2 Place 0 to dadar return,Transportasi,60.0
2017-08-20,2 Current Residence to Place 0,Belanja (Kebutuhan Harian),30.0
2017-08-20,clothes ironing : Rs 6 per item,Elektronik,48.0
2017-08-20,Foldable wardrobe,Belanja (Kebutuhan Harian),569.0
2017-08-19,2 locks for bags,Belanja (Kebutuhan Harian),60.0
2017-08-19,Colgate max fresh small,Belanja (Kebutuhan Harian),20.0
2017-08-19,Dettol sanitizer,Belanja (Kebutuhan Harian),45.0
2017-08-19,Current Residence - Tata Play recharge,Elektronik,217.0
2017-08-17,Sugar 1kg Rs.55 + shengdana Rs.33,Makanan/Minuman,88.0
2017-08-17,2 Bhaji pav + 1 vadapav,Makanan/Minuman,45.0
2017-08-15,Wifi Router TP link,Elektronik,1400.0
2017-08-15,1.5 lit milk,Makanan/Minuman,99.0
2017-08-14,Steam machine,Makanan/Minuman,320.0
2017-08-14,Biscuits+ onions,Makanan/Minuman,112.0
2017-07-31,Catering Service:Chicken masala (90)+2 chapati (10),Makanan/Minuman,100.0
2017-07-31,ola auto - Current Residence to McD,Belanja (Kebutuhan Harian),65.0
2017-07-31,4 eggs,Makanan/Minuman,22.0
2017-07-30,Dahi 2 packets,Makanan/Minuman,20.0
2017-07-30,2 Neeta travels : Place A to pune,Hiburan,895.0
2017-07-30,Laptop repair,Elektronik,1000.0
2017-07-30,Laptop repair ( 128gb SSD rs 2200+ 500gb HDD Rs.1800 + Msoffice+ windows),Elektronik,3000.0
2017-07-30,Chicken roll kasha,Makanan/Minuman,100.0
2017-07-30,Place 0 to Place 4 return,Transportasi,20.0
2017-07-29,milk 1lit,Makanan/Minuman,64.0
2017-07-29,Hospital consultation,Kesehatan,556.0
2017-07-29,ola auto - Current Residence to hospital Place 6,Belanja (Kebutuhan Harian),97.0
2017-07-28,2 Place 0 to Current Residence,Belanja (Kebutuhan Harian),30.0
2017-07-28,Hospital consultation,Kesehatan,167.0
2017-07-28,Hospital consultation,Kesehatan,3050.0
2017-07-28,2 Place 0 to Place 6 return,Transportasi,20.0
2017-07-28,2 Current Residence to Place 0,Belanja (Kebutuhan Harian),30.0
2017-07-27,Non veg overloaded pizza,Makanan/Minuman,215.0
2017-07-27,Chicken lollypop 4 pcs,Makanan/Minuman,203.0
2017-07-27,Distilled water refill Inverter (Rs.100 given by Family),Belanja (Kebutuhan Harian),200.0
2017-07-25,Tours and Travel,Hiburan,20000.0
2017-07-24,Garlic bread + periperi masala fries,Makanan/Minuman,248.0
2017-07-24,4 eggs,Makanan/Minuman,22.0
2017-07-24,milk 1lit,Makanan/Minuman,64.0
2017-07-23,For tata sky installation (100 rs given by Family ),Keuangan/Tagihan,200.0
2017-07-23,Tata sky STB (1299)+ 1 month recharge (226)+ extra wire 45meters(540),Elektronik,2065.0
2017-07-23,Amul butter,Makanan/Minuman,52.0
2017-07-22,milk 1lit,Makanan/Minuman,64.0
2017-07-21,Half lit  milk,Makanan/Minuman,33.0
2017-07-20,Puri packet of 50 pcs,Makanan/Minuman,50.0
2017-07-20,Annual recharge,Elektronik,2545.0
2017-07-20,Half lit  milk,Makanan/Minuman,32.0
2017-07-19,4 eggs,Makanan/Minuman,22.0
2017-07-19,Half lit  milk,Makanan/Minuman,32.0
2017-07-18,Thumbs up 250ml,Makanan/Minuman,20.0
2017-07-18,5 litres can,Makanan/Minuman,70.0
2017-07-18,Gehu 3 kg Rs21 + bajari 1kg Rs 7 + dal 1.5 kg Rs15,Belanja (Kebutuhan Harian),43.0
2017-07-18,potato 1kg,Belanja (Kebutuhan Harian),35.0
2017-07-18,Pakad,Lain-lain,240.0
2017-07-18,Umbrella,Belanja (Kebutuhan Harian),540.0
2017-07-18,onion 2.5 kg,Belanja (Kebutuhan Harian),55.0
2017-07-17,2 Place 0 to Current Residence,Belanja (Kebutuhan Harian),30.0
2017-07-17,9 clothes ironing,Elektronik,63.0
2017-07-17,Lemon tea,Makanan/Minuman,60.0
2017-07-17,1 dal makhani rice(200)+ 1 chicken tikka rice(220)+chocolate pastry (120),Makanan/Minuman,540.0
2017-07-17,2 Place 0 to TB returns,Transportasi,40.0
2017-07-15,Gupta bhel,Makanan/Minuman,25.0
2017-07-15,Half lit  milk,Makanan/Minuman,32.0
2017-07-14,chocobar,Makanan/Minuman,15.0
2017-06-29,Shaving,Belanja (Kebutuhan Harian),60.0
2017-06-29,Place 2 station to hospital 2 seat,Transportasi,50.0
2017-06-28,2 Place 0 to tilaknagar single side,Transportasi,30.0
2017-06-28,2 Current Residence to Place 0,Belanja (Kebutuhan Harian),30.0
2017-06-28,Chicken lollypop 4 pcs,Makanan/Minuman,186.5
2017-06-28,5rs mirchi + crack-jack,Makanan/Minuman,15.0
2017-06-27,Cough-sills 4 pcs,Kesehatan,12.0
2017-06-26,2 kachori,Makanan/Minuman,24.0
2017-06-26,Dahi 2 packets,Makanan/Minuman,20.0
2017-06-26,milk 1lit,Makanan/Minuman,64.0
2017-06-25,Place 0 to WS return,Transportasi,10.0
2017-06-24,milk 1lit,Makanan/Minuman,64.0
2017-06-23,Shengdane pav kg,Makanan/Minuman,35.0
2017-06-22,milk 1lit,Makanan/Minuman,64.0
2017-06-22,Taco Bell veg combo,Makanan/Minuman,261.0
2017-06-22,2 Place 0 to WS returns,Transportasi,20.0
2017-06-22,2 Current Residence to Place 0,Belanja (Kebutuhan Harian),30.0
2017-06-19,Shev bhaji sev pav kg,Makanan/Minuman,60.0
2017-06-19,M D sure 3kg atta,Makanan/Minuman,141.0
2017-06-19,Amul malai paneer pav kg,Makanan/Minuman,80.0
2017-06-19,Bread,Makanan/Minuman,18.0
2017-06-19,milk 1lit,Makanan/Minuman,64.0
2017-06-18,H to kala circle,Transportasi,12.0
2017-06-18,Kala circle to H,Transportasi,15.0
2017-06-17,milk 1lit,Makanan/Minuman,64.0
2017-06-16,milk 1lit,Makanan/Minuman,64.0
2017-06-15,Print outs 3 + Xerox 16 + envelope 10,Lain-lain,29.0
2017-06-13,milk 1lit,Makanan/Minuman,64.0
2017-05-31,undergarments pair of Jockey,Belanja (Kebutuhan Harian),655.0
2017-05-30,5 chapati,Makanan/Minuman,25.0
2017-05-30,2 Place 0 to Current Residence,Belanja (Kebutuhan Harian),30.0
2017-05-30,Slice + Pepsi,Makanan/Minuman,40.0
2017-05-30,2 veg Frankie,Makanan/Minuman,120.0
2017-05-30,Crockery,Makanan/Minuman,275.0
2017-05-30,2 tea,Makanan/Minuman,34.0
2017-05-30,2 Place 0 to Place P return,Transportasi,80.0
2017-05-30,2 Current Residence to Place 0,Belanja (Kebutuhan Harian),30.0
2017-05-29,Half kg potato + half kg banana,Belanja (Kebutuhan Harian),35.0
2017-05-29,Xerox,Lain-lain,30.0
2017-05-29,milk 1lit,Makanan/Minuman,64.0
2017-05-28,2 kachori,Makanan/Minuman,24.0
2017-05-28,Mango 1 kg,Makanan/Minuman,140.0
2017-05-28,Medu vada 1 plate + dal vada 1,Makanan/Minuman,70.0
2017-05-27,milk 1lit,Makanan/Minuman,64.0
2017-05-27,Print outs+ Xerox,Lain-lain,20.0
2017-05-27,Pav kg tomato,Belanja (Kebutuhan Harian),20.0
2017-05-25,Ragda Puri,Makanan/Minuman,30.0
2017-05-25,Place 0 to Vikhroli single,Transportasi,15.0
2017-05-24,Samosa pav @ kurla,Makanan/Minuman,15.0
2017-05-24,Place 0 to Vikhroli return,Transportasi,30.0
2017-05-24,milk 1lit,Makanan/Minuman,64.0
2017-05-23,Gupta bhel,Makanan/Minuman,25.0
2017-05-23,Rasna orange,Makanan/Minuman,46.0
2017-05-23,White board pen 25 + duster 50,Belanja (Kebutuhan Harian),75.0
2017-05-22,M D sure 2kg atta,Makanan/Minuman,88.0
2017-05-22,3 pin Holder,Belanja (Kebutuhan Harian),50.0
2017-05-22,Coke 750ml,Makanan/Minuman,40.0
2017-05-22,sugarcane juice,Makanan/Minuman,15.0
2017-05-21,2 Place 0 to Place 4 return,Transportasi,30.0
2017-05-21,2 Current Residence to Place 0,Belanja (Kebutuhan Harian),30.0
2017-05-21,3 kg ( 2kg bajari Rs 7 each + 1kg gahu & maka mix Rs.10),Belanja (Kebutuhan Harian),24.0
2017-05-21,Decathlon to station,Transportasi,20.0
2017-05-18,pav bhaji + 5 pav extra,Makanan/Minuman,219.0
2017-05-18,Bhai poli,Makanan/Minuman,45.0
2017-05-18,Poha,Makanan/Minuman,25.0
2017-05-18,Shaving,Belanja (Kebutuhan Harian),50.0
2017-05-18,milk 1lit,Makanan/Minuman,64.0
2017-05-17,Vanila family pack,Makanan/Minuman,99.0
2017-05-17,Full egg fried rice 100 + Manchurian dry 100,Makanan/Minuman,210.0
2017-05-16,Razor Blade,Belanja (Kebutuhan Harian),247.0
2017-05-16,Non veg combo meal,Makanan/Minuman,234.0
2017-05-15,March 210 + April 170,Keuangan/Tagihan,380.0
2017-05-15,Veg cheese grill sandwich,Makanan/Minuman,100.0
2017-05-15,Poha 25+ tea 10,Makanan/Minuman,35.0
2017-05-14,Shev bhaji sev,Makanan/Minuman,50.0
2017-05-14,Non veg overloaded pizza,Makanan/Minuman,242.0
2017-05-13,Non veg overloaded pizza,Makanan/Minuman,242.0
2017-05-13,4 chapati,Makanan/Minuman,20.0
2017-05-13,Medu vada 1 plate,Makanan/Minuman,35.0
2017-04-30,chocobar,Makanan/Minuman,10.0
2017-04-30,2 Place 0 to Current Residence,Belanja (Kebutuhan Harian),30.0
2017-04-30,6 bananas,Makanan/Minuman,25.0
2017-04-30,Chicken lollypop 8 pcs,Makanan/Minuman,221.0
2017-04-30,2 Pani Puri+ 1 samosa chat,Makanan/Minuman,110.0
2017-04-30,Chota bread,Makanan/Minuman,17.0
2017-04-30,milk 1lit,Makanan/Minuman,64.0
2017-04-28,Cup of butterscotch (20) + chocobar (10),Makanan/Minuman,30.0
2017-04-28,1 month subscription,Hiburan,149.0
2017-04-27,milk 1lit,Makanan/Minuman,64.0
2017-04-25,2 kachori,Makanan/Minuman,24.0
2017-04-25,Place 6 station to college,Transportasi,10.0
2017-04-25,2 Place 0 to Place 6 return,Transportasi,20.0
2017-04-25,2 Current Residence to Place 0,Belanja (Kebutuhan Harian),30.0
2017-04-25,milk 1lit,Makanan/Minuman,64.0
2017-04-23,Ladyfinger pav kg,Makanan/Minuman,15.0
2017-04-23,2 Veg puff,Makanan/Minuman,40.0
2017-04-22,sugarcane juice,Makanan/Minuman,20.0
2017-04-22,Place 0 to Vikhroli return,Transportasi,30.0
2017-04-22,milk 1 lit (64) + paneer (75) + bread (30) + 6 eggs (36),Makanan/Minuman,205.0
2017-04-21,Q-dee strip,Hiburan,40.0
2017-04-20,Smart point,Belanja (Kebutuhan Harian),621.68
2017-04-20,milk 1lit,Makanan/Minuman,64.0
2017-04-18,Raspberry dolly,Makanan/Minuman,20.0
2017-04-18,milk 1lit,Makanan/Minuman,64.0
2017-04-17,"The X restaurant, Place 1",Makanan/Minuman,1076.0
2017-04-17,H&M clothes,Belanja (Kebutuhan Harian),1497.0
2017-03-31,2 Place 0 to dadar return,Transportasi,60.0
2017-03-31,siddhivinayak to shiv sena bhavan,Transportasi,30.0
2017-03-31,Dadar West to siddhivinayak,Transportasi,30.0
2017-03-31,( pav bhaji + 2 extra pav + sabudana khichdi + kothimbir vada + masala bhat + piyush ),Makanan/Minuman,495.0
2017-03-31,Place 4 station to Place 4 plaza,Transportasi,15.0
2017-03-31,Laptop repair (servicing+ 2gb ram upgrade + fan replacement + antivirus),Elektronik,2500.0
2017-03-31,Place 0 to Current Residence,Belanja (Kebutuhan Harian),15.0
2017-03-31,2 Current Residence to Place 0,Belanja (Kebutuhan Harian),30.0
2017-03-28,Soda water,Belanja (Kebutuhan Harian),12.0
2017-03-27,USB cord,Elektronik,260.0
2017-03-27,milk 1lit,Makanan/Minuman,60.0
2017-03-26,Smart,Belanja (Kebutuhan Harian),786.0
2017-03-26,milk 1 lit,Makanan/Minuman,60.0
2017-03-25,Dahi 2 packets,Makanan/Minuman,20.0
2017-03-25,Tablet,Elektronik,29.0
2017-03-25,Jel,Belanja (Kebutuhan Harian),110.0
2017-03-25,Place 2 to Place 1,Transportasi,900.0
2017-03-25,Doctor Fees,Kesehatan,150.0
2017-03-25,milk 1 lit,Makanan/Minuman,60.0
2017-03-23,3 sugarcane juice,Makanan/Minuman,60.0
2017-03-22,2 Place 0 to Current Residence,Belanja (Kebutuhan Harian),20.0
2017-03-22,Mattress advance,Keuangan/Tagihan,500.0
2017-03-22,within city,Transportasi,33.0
2017-03-22,2 Place 6 to Place 7,Transportasi,18.0
2017-03-22,2 Place 0 to WS returns,Transportasi,20.0
2017-03-22,2 Current Residence to Place 0,Belanja (Kebutuhan Harian),30.0
2017-03-22,Place 6 to Place 2,Transportasi,600.0
2017-03-20,2 Spike guard,Elektronik,450.0
2017-03-19,Mobile Service Provider freedom pack,Elektronik,296.0
2017-03-18,2 samosa (32) + 25 Pani Puri,Makanan/Minuman,57.0
2017-03-18,Grapes + apple + guava,Makanan/Minuman,310.0
2017-03-16,6 months ( 30mb UL plan + 1 month free),Keuangan/Tagihan,2820.0
2017-03-15,drainage powder,Belanja (Kebutuhan Harian),50.0
2017-03-15,2 toast+ 2 parle g + Marie gold,Makanan/Minuman,111.0
2017-03-15,2 softy,Makanan/Minuman,40.0
2017-03-14,2 bath stool,Belanja (Kebutuhan Harian),300.0
2017-03-13,Wall hanging clipboard,Belanja (Kebutuhan Harian),400.0
2017-03-13,hair cut,Belanja (Kebutuhan Harian),100.0
2017-03-13,ceiling fans repair,Belanja (Kebutuhan Harian),1600.0
2017-02-28,within city,Transportasi,40.0
2017-02-28,sabudana + rajgira ladu,Makanan/Minuman,85.0
2017-02-28,Place 0 to Current Residence,Belanja (Kebutuhan Harian),30.0
2017-02-28,2 Place 3m to vadala rd,Makanan/Minuman,10.0
2017-02-28,BEST 138 - Marine drive to Place 3m,Transportasi,12.0
2017-02-28,At restaurant,Makanan/Minuman,2421.0
2017-02-28,2 Santacruz to churchgate,Transportasi,20.0
2017-02-28,sugarcane juice 2,Makanan/Minuman,30.0
2017-02-28,share auto - mumbai University Kalina to Santacruz station,Transportasi,40.0
2017-02-28,Current Residence to Place 0,Belanja (Kebutuhan Harian),30.0
2017-02-28,2 Santacruz return,Transportasi,80.0
2017-02-28,Santacruz to Kalina University,Transportasi,57.0
2017-02-27,2 TB return,Transportasi,40.0
2017-02-27,Place 0 to Current Residence,Belanja (Kebutuhan Harian),30.0
2017-02-27,Current Residence to Place 0,Belanja (Kebutuhan Harian),30.0
2017-02-27,6 chapati(8 rs) + half rice,Makanan/Minuman,88.0
2017-02-27,3 Wall clock cell,Belanja (Kebutuhan Harian),55.0
2017-02-27,milk 1lit  + amul butter milk,Makanan/Minuman,76.0
2017-02-26,Place 0 to WS returns,Transportasi,20.0
2017-02-26,Current Residence to Place 0,Belanja (Kebutuhan Harian),30.0
2017-02-26,dustbin + basin sink cover,Belanja (Kebutuhan Harian),360.0
2017-02-26,2 Jumbo king burger,Makanan/Minuman,58.0
2017-02-25,exide inverter battery 150amp,Elektronik,8500.0
2017-02-25,tube and inverter fitting,Elektronik,1600.0
2017-02-25,hp cylinder,Keuangan/Tagihan,920.0
2017-02-25,veg paneer tikka 4 roti,Makanan/Minuman,318.0
2017-02-25,veg triple Schwan fried rice,Makanan/Minuman,247.0
2017-02-24,milk 1 lit + butter milk,Makanan/Minuman,75.0
2017-02-24,3 tea yevle amrutullya,Makanan/Minuman,30.0
2017-02-24,At restaurant,Makanan/Minuman,100.0
2017-02-23,2 vanilla + 2 butterscotch,Makanan/Minuman,80.0
2017-02-22,stamp pad,Lain-lain,30.0
2017-02-22,Place 2 to Place 1,Transportasi,5500.0
2017-02-21,pav vada,Makanan/Minuman,10.0
2017-02-19,sugarcane juice 2,Makanan/Minuman,30.0
2017-02-19,laminated colour print out,Lain-lain,25.0
2017-02-19,undergarments pair of Jockey,Belanja (Kebutuhan Harian),498.0
2017-02-18,Mobile Service Provider recharge wfh,Elektronik,301.0
2017-02-13,Mobile Service Provider recharge wfh,Elektronik,301.0
2017-01-31,half liter buffalo,Makanan/Minuman,35.0
2017-01-30,half liter buffalo,Makanan/Minuman,35.0
2017-01-30,single pav vada,Makanan/Minuman,15.0
2017-01-29,3 parathe ( 80 mix veg + 70 methi + 100 paneer aloo),Makanan/Minuman,250.0
2017-01-29,cheese chilli toast sandwich 1,Makanan/Minuman,60.0
2017-01-29,2 Shegaon kachori (nasik),Makanan/Minuman,30.0
2017-01-29,brown bread,Makanan/Minuman,35.0
2017-01-29,half liter buffalo,Makanan/Minuman,35.0
2017-01-29,within city,Transportasi,30.0
2017-01-29,2 tickets Place 2 to N,Transportasi,510.0
2017-01-29,within city,Transportasi,30.0
2017-01-21,Mobile Service Provider recharge,Elektronik,149.0
2017-01-20,Mobile Service Provider recharge wfh,Elektronik,301.0
2017-01-19,2 Bombay vada pav,Makanan/Minuman,20.0
2017-01-19,syrup,Belanja (Kebutuhan Harian),145.0
2017-01-16,GHroad to Permanent Residence,Transportasi,40.0
2017-01-16,chair pair,Belanja (Kebutuhan Harian),2400.0
2017-01-15,chole + shev,Makanan/Minuman,140.0
2017-01-15,fruits and vegetables + kirana,Makanan/Minuman,540.0
2016-12-31,milk + butter + biscuits/toast,Makanan/Minuman,77.0
2016-12-31,1 chicken shawarma + 1 chicken lollipop - 1 veg cheese burger,Makanan/Minuman,375.0
2016-12-31,1 Panipuri,Makanan/Minuman,25.0
2016-12-31,strepsils 1 strip,Hiburan,24.0
2016-12-31,veg fried rice,Makanan/Minuman,170.0
2016-12-31,EMI 1,Keuangan/Tagihan,2816.0
2016-12-31,edible oil,Makanan/Minuman,160.0
2016-12-30,Permanent Residence to bus stand,Belanja (Kebutuhan Harian),100.0
2016-12-29,2 chips packets,Makanan/Minuman,10.0
2016-12-29,1 sher bajri 1 kg dadar 1 kg makka,Belanja (Kebutuhan Harian),14.0
2016-12-29,LTT to Place 2 (Patna Exp) cancellation,Transportasi,403.0
2016-12-28,Monaco biscuits,Makanan/Minuman,10.0
2016-12-25,Mobile Service Provider recharge wfh,Elektronik,301.0
2016-12-22,Place 5 to Place 1 sevagram,Transportasi,11.8
2016-12-21,sweater,Belanja (Kebutuhan Harian),1874.0
2016-12-21,LTT to Place 2 cancellation,Transportasi,251.8
2016-12-21,Place 2 to Place 1 - Novelty tour and travels,Hiburan,1900.0
2016-12-19,2 dabeli,Makanan/Minuman,30.0
2016-12-19,sensitive toothbrush,Belanja (Kebutuhan Harian),49.0
2016-12-19,chips 1 Kurkure (19) 1 lays (10),Makanan/Minuman,29.0
2016-12-19,1 kg mosambi 1 kg apple,Makanan/Minuman,170.0
2016-12-17,Mobile Service Provider recharge wfh,Elektronik,301.0
2016-12-13,oralB toothbrush with cap,Belanja (Kebutuhan Harian),25.0
2016-11-30,leggings,Belanja (Kebutuhan Harian),500.0
2016-11-30,Mobile Service Provider recharge wfh,Elektronik,251.0
2016-11-30,mobile recharge sim 2,Elektronik,98.0
2016-11-29,Himalaya shampoo,Belanja (Kebutuhan Harian),60.0
2016-11-28,Metz 32 inch TV,Elektronik,20500.0
2016-11-28,mava 1 large,Makanan/Minuman,20.0
2016-11-25,Mobile Service Provider recharge wfh,Elektronik,251.0
2016-11-21,within city,Transportasi,50.0
2016-11-21,strepsils,Kesehatan,15.0
2016-11-21,within city,Transportasi,70.0
2016-11-20,Locality V to Permanent Residence,Transportasi,50.0
2016-11-19,poppins,Makanan/Minuman,2.0
2016-11-19,"3 parathe , 1 Hara bhara kabab, 1 rabdi malai, 1 masala papad, 1 pepsi",Makanan/Minuman,1087.0
2016-11-19,within city,Transportasi,50.0
2016-11-19,two water bottles,Belanja (Kebutuhan Harian),40.0
2016-11-19,ola auto - BRC,Transportasi,40.0
2016-11-19,Place T to brc,Transportasi,94.0
2016-11-19,share jeep - Place T top to base (50/person),Transportasi,100.0
2016-11-19,lemon juice ( 20/person),Makanan/Minuman,40.0
2016-11-19,ropeway Place T to and fro (169/person),Transportasi,338.0
2016-11-19,share jeep - Place T base to top (50/person),Transportasi,100.0
2016-11-19,share auto - Place H to Place T base (20/person),Transportasi,40.0
2016-11-19,bus - brc to Place H ( 27/person),Belanja (Kebutuhan Harian),54.0
2016-11-19,within city,Transportasi,80.0
2016-11-17,single pav vada,Makanan/Minuman,10.0
2016-11-15,lemons,Keuangan/Tagihan,20.0
2016-11-15,apple + mosambi 1kg each,Makanan/Minuman,180.0
2016-11-14,Veer Travels - BRC to Place 2 ( 2 Adults),Hiburan,1800.0
2016-11-14,Kabra Travels - Place 2 to BRC (2 Adults),Hiburan,4662.0
2016-10-31,Mi band 5 ( Bhaiduj gift),Elektronik,1999.0
2016-10-28,syrup+tablet+ mortein refill,Elektronik,221.0
2016-10-28,Permanent Residence to pathology,Transportasi,40.0
2016-10-27,Undated Planner - June shop,Belanja (Kebutuhan Harian),1119.2
2016-10-27,mehndi,Belanja (Kebutuhan Harian),25.0
2016-10-27,apple + mosambi 1kg each,Makanan/Minuman,170.0
2016-10-25,egg roll,Makanan/Minuman,25.0
2016-10-24,popcorn+mehndi+mosambi+orange+all out refill,Makanan/Minuman,320.0
2016-10-22,Khari,Makanan/Minuman,35.0
2016-10-22,pav vada,Makanan/Minuman,20.0
2016-10-17,butter + paneer + pav+batate+tamate,Makanan/Minuman,215.0
2016-10-14,sugar + biscuits,Makanan/Minuman,120.0
2016-10-13,scratch guard ipad,Elektronik,249.0
2016-09-15,chocobar+milk+chips,Makanan/Minuman,95.0
2016-09-14,baggit purse,Belanja (Kebutuhan Harian),437.0
2016-09-13,brownie,Makanan/Minuman,70.0
2016-09-13,riverdine date,Hiburan,845.0
2016-08-29,Ganesh idol,Lain-lain,361.0
2016-08-29,boric powder,Belanja (Kebutuhan Harian),40.0
2016-08-29,lizol,Belanja (Kebutuhan Harian),98.0
2016-08-24,rakshabandhan ovalni,Lain-lain,500.0
2016-08-22,rakshabandhan ovalni,Lain-lain,500.0
2016-08-14,hair cut,Belanja (Kebutuhan Harian),100.0
2016-07-20,Mobile Service Provider recharge 365 days,Elektronik,2599.0
2016-07-13,citrizen + crocine,Makanan/Minuman,10.0
2016-06-27,Chalisgaon to Baroda return,Transportasi,3200.0
2016-06-23,Amazon prime subscription,Hiburan,995.0
2016-06-22,Mobile Service Provider sim card porting,Elektronik,350.0
2016-06-20,icecream,Belanja (Kebutuhan Harian),140.0
2016-06-19,grocery,Makanan/Minuman,600.0
2016-06-19,Family exam form,Lain-lain,905.0
2016-05-31,Permanent Residence to LB road,Transportasi,50.0
2016-05-29,sanitary napkins+chocolates+Maggie+khajoor,Makanan/Minuman,504.0
2016-05-22,hair cut+shaving,Belanja (Kebutuhan Harian),120.0
2016-05-22,Permanent Residence to nearby hospital,Transportasi,40.0
2016-05-19,agarbatti + icecream pack,Belanja (Kebutuhan Harian),180.0
2016-05-17,Life Insurance,Keuangan/Tagihan,11286.0
2016-04-28,subscription,Hiburan,299.0
2016-04-26,dettol handwash + khari + toast + goodday,Makanan/Minuman,259.0
2016-04-24,kindle unlimited,Hiburan,169.0
2016-04-16,sensodyne toothbrush,Belanja (Kebutuhan Harian),50.0
2016-03-22,kindle unlimited,Hiburan,169.0
2016-03-20,sambhar masala,Makanan/Minuman,35.0
2016-03-15,Mobile Service Provider recharge wfh,Elektronik,251.0
2016-02-28,biscuits,Makanan/Minuman,70.0
2016-02-28,hair cut,Belanja (Kebutuhan Harian),100.0
2016-02-28,pedhe,Belanja (Kebutuhan Harian),100.0
2016-02-27,Mobile Service Provider recharge wfh,Elektronik,251.0
2016-02-27,pedhe,Belanja (Kebutuhan Harian),50.0
2016-02-24,audible subscription,Hiburan,199.0
2016-02-22,5star (2)+munch(2),Makanan/Minuman,40.0
2016-02-22,kindle unlimited,Hiburan,169.0
2016-02-20,biscuits,Makanan/Minuman,85.0
2016-02-14,bread (10)+Cadbury(10)+ cheese + myvaneese+pav bhaji masala,Makanan/Minuman,165.0
2016-02-13,within city,Transportasi,40.0
2016-02-13,hand gloves 4 pairs,Kesehatan,80.0
2016-01-26,audible subscription,Hiburan,199.0
2016-01-22,kindle unlimited,Hiburan,169.0
2015-12-30,hair cut+shaving+dye+facial,Belanja (Kebutuhan Harian),2000.0
2015-12-25,sliper,Belanja (Kebutuhan Harian),270.0
2015-12-25,dustbin bags,Belanja (Kebutuhan Harian),50.0
2015-12-19,hand sanitizer,Belanja (Kebutuhan Harian),220.0
2015-12-19,eye drop maxmoist,Kesehatan,235.0
2015-11-27,egg roll,Makanan/Minuman,25.0
2015-11-21,1 dozen,Makanan/Minuman,84.0
2015-10-31,water bottle + khari sing,Belanja (Kebutuhan Harian),70.0
2015-10-31,b45 to Pandya bridge,Transportasi,71.0
2015-10-31,sweats,Belanja (Kebutuhan Harian),250.0
2015-10-31,face mask,Kesehatan,150.0
2015-10-31,golden circle to b45,Transportasi,180.0
2015-10-30,hair cut,Belanja (Kebutuhan Harian),50.0
2015-10-30,Permanent Residence to kacheri,Transportasi,30.0
2015-10-29,redbus - brc to Place 2,Belanja (Kebutuhan Harian),665.0
2015-10-28,Place 2 to brc travels,Hiburan,660.0
2015-10-25,Sapat Parivar Tea half kg,Makanan/Minuman,240.0
2015-10-24,plumber,Belanja (Kebutuhan Harian),100.0
2015-10-23,mandir to hospital,Transportasi,20.0
2015-10-18,belt + socs,Belanja (Kebutuhan Harian),1479.0
2015-10-18,Ola - Place 1 to Place 5 to and fro,Transportasi,803.0
2015-09-28,6 pairs of use and throw gloves,Kesehatan,120.0
2015-09-28,2 n95 masks,Kesehatan,300.0
2015-08-14,mixer Philips 7756,Elektronik,3499.0
2015-05-31,electricity bill,Belanja (Kebutuhan Harian),2671.0
2015-05-17,BR to mumbai,Transportasi,6000.0
2015-05-16,bananas 1 kg,Makanan/Minuman,20.0
2015-05-16,milk half shakti,Makanan/Minuman,26.0
2015-05-15,milk half shakti,Makanan/Minuman,26.0
2015-05-13,N95 mask,Kesehatan,250.0
2015-05-13,milk half shakti,Makanan/Minuman,26.0
2015-04-28,milk half gold,Makanan/Minuman,28.0
2015-04-26,eggs + bread,Makanan/Minuman,110.0
2015-04-26,srikhand,Makanan/Minuman,114.0
2015-04-24,snacks + veggie,Makanan/Minuman,420.0
2015-04-23,milk half gold,Makanan/Minuman,56.0
2015-04-18,snacks,Makanan/Minuman,324.0
2015-04-13,mutual fund,Keuangan/Tagihan,1000.0
2015-03-29,kala hit,Belanja (Kebutuhan Harian),269.0
2015-03-20,dry cleaning,Belanja (Kebutuhan Harian),100.0
2015-03-20,dentist check-up,Kesehatan,3700.0
2015-03-19,cooker ring,Belanja (Kebutuhan Harian),50.0
2015-03-18,samosa+tea+veg cheese grill sandwich,Makanan/Minuman,53.0
2015-03-18,dal fry and chapati,Makanan/Minuman,25.0
2015-03-18,aloo paratha,Makanan/Minuman,20.0
2015-03-16,dentist check-up,Kesehatan,1000.0
2015-03-15,altering,Belanja (Kebutuhan Harian),30.0
2015-03-15,shakti + bread,Makanan/Minuman,36.0
2015-03-14,ironing,Elektronik,40.0
2015-03-13,to office,Transportasi,10.0
2015-02-28,chicken thali,Makanan/Minuman,55.0
2015-02-26,office to vasna road,Transportasi,60.0
2015-02-26,eggs,Makanan/Minuman,30.0
2015-02-24,vegetable,Makanan/Minuman,160.0
2015-02-24,ola auto - BRC to b45,Transportasi,66.0
2015-02-23,Bandra to Bandra terminus,Transportasi,20.0
2015-02-23,Place 0 to Bandra,Transportasi,20.0
2015-02-23,shoe polish,Belanja (Kebutuhan Harian),20.0
2015-02-23,to and fro Mum to BRC,Transportasi,526.0
2015-02-19,face mask,Kesehatan,45.0
2015-02-19,koflet,Kesehatan,34.0
